2011-07-06 18:26:47;_TOKEN;admin;::1;tab011;0;buka form grup pengguna
2011-07-06 18:27:54;_TOKEN;admin;::1;tab011;0;buka form grup pengguna
2011-07-06 18:27:58;_TOKEN;admin;::1;tab012;0;buka form daftar pengguna
2011-07-06 18:30:52;_TOKEN;admin;::1;tab011;0;buka form grup pengguna
2011-07-06 18:30:56;_TOKEN;admin;::1;tab012;0;buka form daftar pengguna
2011-07-06 18:43:39;_TOKEN;admin;::1;tab011;0;buka form grup pengguna
2011-07-06 18:46:31;_TOKEN;admin;::1;tab011;0;buka form grup pengguna
2011-07-06 18:46:59;_TOKEN;admin;::1;tab011;0;buka form grup pengguna
2011-07-06 18:48:48;_TOKEN;admin;::1;tab011;0;buka form grup pengguna
2011-07-06 18:48:58;_TOKEN;admin;::1;tab011;0;buka form grup pengguna
2011-07-06 18:49:02;_TOKEN;admin;::1;tab012;0;buka form daftar pengguna
2011-07-06 18:49:23;_TOKEN;admin;::1;tab011;0;buka form grup pengguna
2011-07-06 18:49:38;_TOKEN;admin;::1;tab011;0;buka form grup pengguna
2011-07-07 10:12:15;_TOKEN;admin;::1;tab011;0;buka form grup pengguna
2011-07-07 10:20:53;_TOKEN;admin;::1;tab011;0;buka form grup pengguna
2011-07-07 10:21:39;_TOKEN;admin;::1;tab011;0;buka form grup pengguna
2011-07-07 10:22:04;_TOKEN;admin;::1;tab011;0;buka form grup pengguna
2011-07-07 10:23:19;_TOKEN;admin;::1;tab011;0;buka form grup pengguna
2011-07-07 10:23:31;_TOKEN;admin;::1;tab011;0;buka form grup pengguna
2011-07-07 10:23:39;_TOKEN;admin;::1;tab011;0;buka form grup pengguna
2011-07-07 10:26:37;_TOKEN;admin;::1;tab011;0;buka form grup pengguna
2011-07-07 10:26:50;_TOKEN;admin;::1;tab011;0;buka form grup pengguna
2011-07-07 10:27:13;_TOKEN;admin;::1;tab011;0;buka form grup pengguna
2011-07-07 10:27:21;_TOKEN;admin;::1;tab011;0;buka form grup pengguna
2011-07-07 10:29:34;_TOKEN;admin;::1;tab011;0;buka form grup pengguna
2011-07-07 10:29:40;_TOKEN;admin;::1;tab011;0;buka form grup pengguna
2011-07-07 10:30:52;_TOKEN;admin;::1;tab011;0;buka form grup pengguna
2011-07-07 10:31:44;_TOKEN;admin;::1;tab011;0;buka form grup pengguna
2011-07-07 10:32:10;_TOKEN;admin;::1;tab012;0;buka form daftar pengguna
2011-07-07 10:32:19;_TOKEN;admin;::1;tab012;0;buka form daftar pengguna
2011-07-07 10:32:31;_TOKEN;admin;::1;tab011;0;buka form grup pengguna
2011-07-07 10:34:11;_TOKEN;admin;::1;tab011;0;buka form grup pengguna
2011-07-07 10:34:28;_TOKEN;admin;::1;tab011;0;buka form grup pengguna
2011-07-07 10:36:18;_TOKEN;admin;::1;tab011;0;buka form grup pengguna
2011-07-07 10:36:49;_TOKEN;admin;::1;tab011;0;buka form grup pengguna
2011-07-07 10:37:02;_TOKEN;admin;::1;tab011;0;buka form grup pengguna
2011-07-07 10:46:33;_TOKEN;admin;::1;tab011;0;buka form grup pengguna
2011-07-07 10:53:40;_TOKEN;admin;::1;tab011;0;buka form grup pengguna
2011-07-07 10:54:04;_TOKEN;admin;::1;tab011;0;buka form grup pengguna
2011-07-07 11:00:02;_TOKEN;admin;::1;tab011;0;buka form grup pengguna
2011-07-07 11:00:33;_TOKEN;admin;::1;tab011;0;buka form grup pengguna
2011-07-07 12:41:13;_TOKEN;admin;::1;tab011;0;buka form grup pengguna
2011-07-07 12:43:48;_TOKEN;admin;::1;tab011;0;buka form grup pengguna
2011-07-07 13:07:18;_TOKEN;admin;::1;tab011;0;buka form grup pengguna
2011-07-07 13:07:37;_TOKEN;admin;::1;tab011;0;buka form grup pengguna
2011-07-07 13:07:51;_TOKEN;admin;::1;tab011;0;buka form grup pengguna
2011-07-07 13:11:47;_TOKEN;admin;::1;tab011;0;buka form grup pengguna
2011-07-07 13:16:41;_TOKEN;admin;::1;tab011;0;buka form grup pengguna
2011-07-07 13:16:58;_TOKEN;admin;::1;tab011;0;buka form grup pengguna
2011-07-07 15:13:53;_TOKEN;admin;::1;tab011;0;buka form grup pengguna
2011-07-08 10:28:24;_TOKEN;admin;::1;tab011;0;buka form grup pengguna
2011-07-08 10:28:32;_TOKEN;admin;::1;tab011;0;buka form grup pengguna
2011-07-08 10:29:49;_TOKEN;admin;::1;tab011;0;buka form grup pengguna
2011-07-08 10:33:20;_TOKEN;admin;::1;tab011;0;buka form grup pengguna
2011-07-08 11:12:28;_TOKEN;admin;::1;tab011;0;buka form grup pengguna
2011-07-08 11:16:44;_TOKEN;admin;::1;tab011;0;buka form grup pengguna
2011-07-08 11:17:00;_TOKEN;admin;::1;tab011;0;buka form grup pengguna
2011-07-08 11:18:21;_TOKEN;admin;::1;tab011;0;buka form grup pengguna
2011-07-08 11:19:33;_TOKEN;admin;::1;tab011;0;buka form grup pengguna
2011-07-08 11:23:13;_TOKEN;admin;::1;tab011;0;buka form grup pengguna
2011-07-08 11:24:10;_TOKEN;admin;::1;tab012;0;buka form daftar pengguna
2011-07-08 11:28:18;_TOKEN;admin;::1;tab011;0;buka form grup pengguna
2011-07-08 11:33:36;_TOKEN;admin;::1;tab011;0;buka form grup pengguna
2011-07-12 10:37:19;_TOKEN;admin;::1;tab011;0;buka form grup pengguna
2011-07-12 10:37:28;_TOKEN;admin;::1;tab012;0;buka form daftar pengguna
2011-07-12 10:37:40;_TOKEN;admin;::1;tab011;0;buka form grup pengguna
2011-07-12 10:37:50;_TOKEN;admin;::1;tab012;0;buka form daftar pengguna
2011-07-12 13:37:31;_TOKEN;admin;::1;tab011;0;buka form grup pengguna
2011-07-12 13:37:37;_TOKEN;admin;::1;tab011;0;buka form grup pengguna
2011-07-12 13:38:53;_TOKEN;admin;::1;tab011;0;buka form grup pengguna
2011-07-12 13:39:08;_TOKEN;admin;::1;tab011;0;buka form grup pengguna
2011-07-12 13:40:59;_TOKEN;admin;::1;tab011;0;buka form grup pengguna
2011-07-12 13:43:03;_TOKEN;admin;::1;tab011;0;buka form grup pengguna
2011-07-12 13:44:03;_TOKEN;admin;::1;tab012;0;buka form daftar pengguna
2011-07-12 13:45:01;_TOKEN;admin;::1;tab012;0;buka form daftar pengguna
2011-07-12 13:47:00;_TOKEN;admin;::1;tab012;0;buka form daftar pengguna
2011-07-12 13:47:02;_TOKEN;admin;::1;tab011;0;buka form grup pengguna
2011-07-12 13:47:04;_TOKEN;admin;::1;tab011;0;buka form grup pengguna
2011-07-12 13:47:09;_TOKEN;admin;::1;tab011;0;buka form grup pengguna
2011-07-12 13:48:49;_TOKEN;admin;::1;tab011;0;buka form grup pengguna
2011-07-12 13:49:07;_TOKEN;admin;::1;tab011;0;buka form grup pengguna
2011-07-12 13:50:08;_TOKEN;admin;::1;tab011;0;buka form grup pengguna
2011-07-12 14:24:00;_TOKEN;admin;::1;tab011;0;buka form grup pengguna
2011-07-12 14:24:01;_TOKEN;admin;::1;tab012;0;buka form daftar pengguna
2011-07-12 14:24:46;_TOKEN;admin;::1;tab011;0;buka form grup pengguna
2011-07-12 14:46:56;_TOKEN;admin;::1;tab012;0;buka form daftar pengguna
2011-07-12 14:46:59;_TOKEN;admin;::1;tab011;0;buka form grup pengguna
2011-07-12 14:47:04;_TOKEN;admin;::1;tab012;0;buka form daftar pengguna
2011-07-12 14:47:08;_TOKEN;admin;::1;tab011;0;buka form grup pengguna
2011-07-12 14:47:11;_TOKEN;admin;::1;tab012;0;buka form daftar pengguna
2011-07-13 16:02:59;_TOKEN;admin;::1;tab011;0;buka form grup pengguna
2011-07-14 15:08:38;_TOKEN;admin;::1;tab011;0;buka form grup pengguna
2011-07-15 10:53:25;_TOKEN;admin;::1;tab011;0;buka form grup pengguna
